num_sensors,num_depots,sensor_radius,sensor_radius_doi_percentage,doi,energy_budget,epsilon,scenario,algorithm,area_length,area_width,energy_cons_fly,energy_cons_hover,data_transfer_rate,iterations,tours_number_avg,tours_number_std,uncovered_sensors_avg,uncovered_sensors_std,lost_data_avg,lost_data_std,seed,running_time_avg,running_time_std
100,1,100,0.8,0.001,10,0.1,1,0,2000,2000,172,314,50,30,1,0,0,0,0,0,0,0.0211,0.0140525
100,1,100,0.8,0.001,10,0.1,1,1,2000,2000,172,314,50,30,1,0,28.2,4.48292,0,0,0,0.989033,0.0664122
100,1,100,0.8,0.001,5,0.1,1,0,2000,2000,172,314,50,30,1,0,0,0,0,0,0,0.0206667,0.0123633
100,1,100,0.8,0.001,5,0.1,1,1,2000,2000,172,314,50,30,1,0,28.2,4.48292,0,0,0,0.951033,0.051924
100,1,100,0.8,0.01,10,0.1,1,0,2000,2000,172,314,50,30,1,0,0.0333333,0.182574,0,0,0,0.0204333,0.0123195
100,1,100,0.8,0.01,10,0.1,1,1,2000,2000,172,314,50,30,1,0,28.2,4.48292,0,0,0,0.987067,0.0591992
100,1,100,0.8,0.01,5,0.1,1,0,2000,2000,172,314,50,30,1,0,0.0333333,0.182574,0,0,0,0.0212,0.0115143
100,1,100,0.8,0.01,5,0.1,1,1,2000,2000,172,314,50,30,1,0,28.2,4.48292,0,0,0,0.948367,0.0533146
100,1,100,0.8,0.1,10,0.1,1,0,2000,2000,172,314,50,30,1,0,6.1,2.30965,0,0,0,0.0190333,0.0120987
100,1,100,0.8,0.1,10,0.1,1,1,2000,2000,172,314,50,30,1,0,28.2,4.48292,0,0,0,0.9939,0.0583422
100,1,100,0.8,0.1,5,0.1,1,0,2000,2000,172,314,50,30,1,0,6.1,2.30965,0,0,0,0.0191333,0.0105331
100,1,100,0.8,0.1,5,0.1,1,1,2000,2000,172,314,50,30,1,0,28.2,4.48292,0,0,0,0.955,0.0562623
100,1,100,0.9,0.001,10,0.1,1,0,2000,2000,172,314,50,30,1,0,0,0,0,0,0,0.0225667,0.0136197
100,1,100,0.9,0.001,10,0.1,1,1,2000,2000,172,314,50,30,1,0,28.2,4.48292,0,0,0,0.995567,0.0609577
100,1,100,0.9,0.001,5,0.1,1,0,2000,2000,172,314,50,30,1,0,0,0,0,0,0,0.0192333,0.0122747
100,1,100,0.9,0.001,5,0.1,1,1,2000,2000,172,314,50,30,1,0,28.2,4.48292,0,0,0,0.954567,0.0586225
100,1,100,0.9,0.01,10,0.1,1,0,2000,2000,172,314,50,30,1,0,0.733333,0.868345,0,0,0,0.0202333,0.0145381
100,1,100,0.9,0.01,10,0.1,1,1,2000,2000,172,314,50,30,1,0,28.2,4.48292,0,0,0,0.994233,0.0538463
100,1,100,0.9,0.01,5,0.1,1,0,2000,2000,172,314,50,30,1,0,0.733333,0.868345,0,0,0,0.0182,0.0127831
100,1,100,0.9,0.01,5,0.1,1,1,2000,2000,172,314,50,30,1,0,28.2,4.48292,0,0,0,0.948233,0.0553333
100,1,100,0.9,0.1,10,0.1,1,0,2000,2000,172,314,50,30,1,0,12.8667,2.63574,0,0,0,0.0199667,0.0111803
100,1,100,0.9,0.1,10,0.1,1,1,2000,2000,172,314,50,30,1,0,28.2,4.48292,0,0,0,0.9911,0.0582423
100,1,100,0.9,0.1,5,0.1,1,0,2000,2000,172,314,50,30,1,0,12.8667,2.63574,0,0,0,0.0191333,0.0110944
100,1,100,0.9,0.1,5,0.1,1,1,2000,2000,172,314,50,30,1,0,28.2,4.48292,0,0,0,0.947067,0.0531945
100,1,50,0.8,0.001,10,0.1,1,0,2000,2000,172,314,50,30,1,0,0,0,0,0,0,0.0201,0.012209
100,1,50,0.8,0.001,10,0.1,1,1,2000,2000,172,314,50,30,1,0,13.1667,3.11928,0,0,0,1.051,0.0583308
100,1,50,0.8,0.001,5,0.1,1,0,2000,2000,172,314,50,30,1,0,0,0,0,0,0,0.0213333,0.0128582
100,1,50,0.8,0.001,5,0.1,1,1,2000,2000,172,314,50,30,1,0,13.1667,3.11928,0,0,0,0.931867,0.0500219
100,1,50,0.8,0.01,10,0.1,1,0,2000,2000,172,314,50,30,1,0,0,0,0,0,0,0.0201333,0.0124672
100,1,50,0.8,0.01,10,0.1,1,1,2000,2000,172,314,50,30,1,0,13.1667,3.11928,0,0,0,1.04533,0.05953
100,1,50,0.8,0.01,5,0.1,1,0,2000,2000,172,314,50,30,1,0,0,0,0,0,0,0.0204,0.0128186
100,1,50,0.8,0.01,5,0.1,1,1,2000,2000,172,314,50,30,1,0,13.1667,3.11928,0,0,0,0.936433,0.0445318
100,1,50,0.8,0.1,10,0.1,1,0,2000,2000,172,314,50,30,1,0,2.3,1.93248,0,0,0,0.0205,0.0107887
100,1,50,0.8,0.1,10,0.1,1,1,2000,2000,172,314,50,30,1,0,13.1667,3.11928,0,0,0,1.05203,0.0505715
100,1,50,0.8,0.1,5,0.1,1,0,2000,2000,172,314,50,30,1,0,2.3,1.93248,0,0,0,0.0198667,0.0114281
100,1,50,0.8,0.1,5,0.1,1,1,2000,2000,172,314,50,30,1,0,13.1667,3.11928,0,0,0,0.934333,0.0603589
100,1,50,0.9,0.001,10,0.1,1,0,2000,2000,172,314,50,30,1,0,0,0,0,0,0,0.0203,0.0123767
100,1,50,0.9,0.001,10,0.1,1,1,2000,2000,172,314,50,30,1,0,13.1667,3.11928,0,0,0,1.04707,0.0549457
100,1,50,0.9,0.001,5,0.1,1,0,2000,2000,172,314,50,30,1,0,0,0,0,0,0,0.0209667,0.012821
100,1,50,0.9,0.001,5,0.1,1,1,2000,2000,172,314,50,30,1,0,13.1667,3.11928,0,0,0,0.926867,0.0493074
100,1,50,0.9,0.01,10,0.1,1,0,2000,2000,172,314,50,30,1,0,0.233333,0.430183,0,0,0,0.0203667,0.0117488
100,1,50,0.9,0.01,10,0.1,1,1,2000,2000,172,314,50,30,1,0,13.1667,3.11928,0,0,0,1.0372,0.0485496
100,1,50,0.9,0.01,5,0.1,1,0,2000,2000,172,314,50,30,1,0,0.233333,0.430183,0,0,0,0.0214333,0.0121277
100,1,50,0.9,0.01,5,0.1,1,1,2000,2000,172,314,50,30,1,0,13.1667,3.11928,0,0,0,0.929267,0.0476242
100,1,50,0.9,0.1,10,0.1,1,0,2000,2000,172,314,50,30,1,0,4.96667,2.14127,0,0,0,0.0193667,0.0110656
100,1,50,0.9,0.1,10,0.1,1,1,2000,2000,172,314,50,30,1,0,13.1667,3.11928,0,0,0,1.0371,0.0555476
100,1,50,0.9,0.1,5,0.1,1,0,2000,2000,172,314,50,30,1,0,4.96667,2.14127,0,0,0,0.0184,0.0103311
100,1,50,0.9,0.1,5,0.1,1,1,2000,2000,172,314,50,30,1,0,13.1667,3.11928,0,0,0,0.926233,0.0495397
100,3,100,0.8,0.001,10,0.1,1,2,2000,2000,172,314,50,30,1,0,0,0,0,0,0,0.0218,0.0165016
100,3,100,0.8,0.001,10,0.1,1,3,2000,2000,172,314,50,30,1,0,0,0,0,0,0,3.0427,0.108832
100,3,100,0.8,0.001,5,0.1,1,2,2000,2000,172,314,50,30,1,0,0,0,0,0,0,0.0208333,0.012975
100,3,100,0.8,0.001,5,0.1,1,3,2000,2000,172,314,50,30,1,0,0,0,0,0,0,2.90377,0.109824
100,3,100,0.8,0.01,10,0.1,1,2,2000,2000,172,314,50,30,1,0,0.0333333,0.182574,0,0,0,0.0213333,0.0156389
100,3,100,0.8,0.01,10,0.1,1,3,2000,2000,172,314,50,30,1,0,0.0333333,0.182574,0,0,0,2.9996,0.130027
100,3,100,0.8,0.01,5,0.1,1,2,2000,2000,172,314,50,30,1,0,0.0333333,0.182574,0,0,0,0.0216333,0.0140602
100,3,100,0.8,0.01,5,0.1,1,3,2000,2000,172,314,50,30,1,0,0.0333333,0.182574,0,0,0,2.9765,0.100999
100,3,100,0.8,0.1,10,0.1,1,2,2000,2000,172,314,50,30,1,0,6.16667,2.36473,0,0,0,0.0195333,0.0131902
100,3,100,0.8,0.1,10,0.1,1,3,2000,2000,172,314,50,30,1,0,6.16667,2.36473,0,0,0,2.98077,0.151561
100,3,100,0.8,0.1,5,0.1,1,2,2000,2000,172,314,50,30,1,0,6.16667,2.36473,0,0,0,0.0202333,0.0134925
100,3,100,0.8,0.1,5,0.1,1,3,2000,2000,172,314,50,30,1,0,6.16667,2.36473,0,0,0,2.92123,0.142841
100,3,100,0.9,0.001,10,0.1,1,2,2000,2000,172,314,50,30,1,0,0,0,0,0,0,0.0214667,0.0128646
100,3,100,0.9,0.001,10,0.1,1,3,2000,2000,172,314,50,30,1,0,0,0,0,0,0,2.96883,0.114762
100,3,100,0.9,0.001,5,0.1,1,2,2000,2000,172,314,50,30,1,0,0,0,0,0,0,0.0208,0.0130659
100,3,100,0.9,0.001,5,0.1,1,3,2000,2000,172,314,50,30,1,0,0,0,0,0,0,2.8315,0.0751145
100,3,100,0.9,0.01,10,0.1,1,2,2000,2000,172,314,50,30,1,0,0.766667,0.85836,0,0,0,0.0211333,0.0144574
100,3,100,0.9,0.01,10,0.1,1,3,2000,2000,172,314,50,30,1,0,0.766667,0.85836,0,0,0,3.00363,0.125284
100,3,100,0.9,0.01,5,0.1,1,2,2000,2000,172,314,50,30,1,0,0.766667,0.85836,0,0,0,0.0220667,0.0137764
100,3,100,0.9,0.01,5,0.1,1,3,2000,2000,172,314,50,30,1,0,0.766667,0.85836,0,0,0,2.8474,0.0791383
100,3,100,0.9,0.1,10,0.1,1,2,2000,2000,172,314,50,30,1,0,11.9667,2.90639,0,0,0,0.0201333,0.0128028
100,3,100,0.9,0.1,10,0.1,1,3,2000,2000,172,314,50,30,1,0,11.9667,2.90639,0,0,0,3.01063,0.117204
100,3,100,0.9,0.1,5,0.1,1,2,2000,2000,172,314,50,30,1,0,11.9667,2.90639,0,0,0,0.0201667,0.0128226
100,3,100,0.9,0.1,5,0.1,1,3,2000,2000,172,314,50,30,1,0,11.9667,2.90639,0,0,0,2.82733,0.0900679
100,3,50,0.8,0.001,10,0.1,1,2,2000,2000,172,314,50,30,1,0,0,0,0,0,0,0.0210333,0.0124305
100,3,50,0.8,0.001,10,0.1,1,3,2000,2000,172,314,50,30,1,0,0,0,0,0,0,2.96143,0.085865
100,3,50,0.8,0.001,5,0.1,1,2,2000,2000,172,314,50,30,1,0,0,0,0,0,0,0.0213,0.01322
100,3,50,0.8,0.001,5,0.1,1,3,2000,2000,172,314,50,30,1,0,0,0,0,0,0,2.83283,0.089099
100,3,50,0.8,0.01,10,0.1,1,2,2000,2000,172,314,50,30,1,0,0,0,0,0,0,0.0212667,0.0136076
100,3,50,0.8,0.01,10,0.1,1,3,2000,2000,172,314,50,30,1,0,0,0,0,0,0,2.96243,0.0715531
100,3,50,0.8,0.01,5,0.1,1,2,2000,2000,172,314,50,30,1,0,0,0,0,0,0,0.0213667,0.0135735
100,3,50,0.8,0.01,5,0.1,1,3,2000,2000,172,314,50,30,1,0,0,0,0,0,0,2.84487,0.0830549
100,3,50,0.8,0.1,10,0.1,1,2,2000,2000,172,314,50,30,1,0,2.3,1.55696,0,0,0,0.0205,0.0130325
100,3,50,0.8,0.1,10,0.1,1,3,2000,2000,172,314,50,30,1,0,2.3,1.55696,0,0,0,2.98007,0.073938
100,3,50,0.8,0.1,5,0.1,1,2,2000,2000,172,314,50,30,1,0,2.3,1.55696,0,0,0,0.0205667,0.0112086
100,3,50,0.8,0.1,5,0.1,1,3,2000,2000,172,314,50,30,1,0,2.3,1.55696,0,0,0,2.8225,0.0664726
100,3,50,0.9,0.001,10,0.1,1,2,2000,2000,172,314,50,30,1,0,0,0,0,0,0,0.0206333,0.0136748
100,3,50,0.9,0.001,10,0.1,1,3,2000,2000,172,314,50,30,1,0,0,0,0,0,0,3.0091,0.094727
100,3,50,0.9,0.001,5,0.1,1,2,2000,2000,172,314,50,30,1,0,0,0,0,0,0,0.0200333,0.0137452
100,3,50,0.9,0.001,5,0.1,1,3,2000,2000,172,314,50,30,1,0,0,0,0,0,0,2.80853,0.0733841
100,3,50,0.9,0.01,10,0.1,1,2,2000,2000,172,314,50,30,1,0,0.1,0.305129,0,0,0,0.0210667,0.0130857
100,3,50,0.9,0.01,10,0.1,1,3,2000,2000,172,314,50,30,1,0,0.1,0.305129,0,0,0,3.0133,0.0921012
100,3,50,0.9,0.01,5,0.1,1,2,2000,2000,172,314,50,30,1,0,0.1,0.305129,0,0,0,0.0195333,0.012862
100,3,50,0.9,0.01,5,0.1,1,3,2000,2000,172,314,50,30,1,0,0.1,0.305129,0,0,0,2.79137,0.0757721
100,3,50,0.9,0.1,10,0.1,1,2,2000,2000,172,314,50,30,1,0,4.56667,2.04574,0,0,0,0.0196667,0.011037
100,3,50,0.9,0.1,10,0.1,1,3,2000,2000,172,314,50,30,1,0,4.56667,2.04574,0,0,0,2.9977,0.11808
100,3,50,0.9,0.1,5,0.1,1,2,2000,2000,172,314,50,30,1,0,4.56667,2.04574,0,0,0,0.02,0.0115877
100,3,50,0.9,0.1,5,0.1,1,3,2000,2000,172,314,50,30,1,0,4.56667,2.04574,0,0,0,2.77023,0.0956451
200,1,100,0.8,0.001,10,0.1,1,0,2000,2000,172,314,50,30,1,0,0,0,0,0,0,0.104167,0.0475315
200,1,100,0.8,0.001,10,0.1,1,1,2000,2000,172,314,50,30,1,0,35.6333,3.57899,0,0,0,12.5979,0.500005
200,1,100,0.8,0.001,5,0.1,1,0,2000,2000,172,314,50,30,2,0,0,0,0,0,0,0.103333,0.0517803
200,1,100,0.8,0.001,5,0.1,1,1,2000,2000,172,314,50,30,2,0,35.6333,3.57899,0,0,0,12.0872,0.605073
200,1,100,0.8,0.01,10,0.1,1,0,2000,2000,172,314,50,30,1,0,0.0833333,0.230567,0,0,0,0.105733,0.0472797
200,1,100,0.8,0.01,10,0.1,1,1,2000,2000,172,314,50,30,1,0,35.6333,3.57899,0,0,0,12.8228,0.559044
200,1,100,0.8,0.01,5,0.1,1,0,2000,2000,172,314,50,30,2,0,0.0833333,0.230567,0,0,0,0.107,0.0506911
200,1,100,0.8,0.01,5,0.1,1,1,2000,2000,172,314,50,30,2,0,35.6333,3.57899,0,0,0,12.0718,0.345063
200,1,100,0.8,0.1,10,0.1,1,0,2000,2000,172,314,50,30,1,0,8.03333,1.44397,0,0,0,0.0811667,0.0396859
200,1,100,0.8,0.1,10,0.1,1,1,2000,2000,172,314,50,30,1,0,35.6333,3.57899,0,0,0,10.0101,0.263265
200,1,100,0.8,0.1,5,0.1,1,0,2000,2000,172,314,50,30,2,0,8.03333,1.44397,0,0,0,0.104,0.0462422
200,1,100,0.8,0.1,5,0.1,1,1,2000,2000,172,314,50,30,2,0,35.6333,3.57899,0,0,0,12.4687,0.262602
200,1,100,0.9,0.001,10,0.1,1,0,2000,2000,172,314,50,30,1,0,0,0,0,0,0,0.0813,0.0304553
200,1,100,0.9,0.001,10,0.1,1,1,2000,2000,172,314,50,30,1,0,35.6333,3.57899,0,0,0,9.85107,0.45117
200,1,100,0.9,0.001,5,0.1,1,0,2000,2000,172,314,50,30,2,0,0,0,0,0,0,0.103967,0.0424593
200,1,100,0.9,0.001,5,0.1,1,1,2000,2000,172,314,50,30,2,0,35.6333,3.57899,0,0,0,12.2978,0.251498
200,1,100,0.9,0.01,10,0.1,1,0,2000,2000,172,314,50,30,1,0,0.866667,0.586241,0,0,0,0.0767,0.0279213
200,1,100,0.9,0.01,10,0.1,1,1,2000,2000,172,314,50,30,1,0,35.6333,3.57899,0,0,0,9.41457,0.521484
200,1,100,0.9,0.01,5,0.1,1,0,2000,2000,172,314,50,30,2,0,0.866667,0.586241,0,0,0,0.100833,0.0376482
200,1,100,0.9,0.01,5,0.1,1,1,2000,2000,172,314,50,30,2,0,35.6333,3.57899,0,0,0,12.2524,0.276428
200,1,100,0.9,0.1,10,0.1,1,0,2000,2000,172,314,50,30,1,0,14.1667,2.19848,0,0,0,0.0754,0.0298336
200,1,100,0.9,0.1,10,0.1,1,1,2000,2000,172,314,50,30,1,0,35.6333,3.57899,0,0,0,9.4403,0.464496
200,1,100,0.9,0.1,5,0.1,1,0,2000,2000,172,314,50,30,2,0,14.1667,2.19848,0,0,0,0.104833,0.0427463
200,1,100,0.9,0.1,5,0.1,1,1,2000,2000,172,314,50,30,2,0,35.6333,3.57899,0,0,0,12.1736,0.248967
200,1,50,0.8,0.001,10,0.1,1,0,2000,2000,172,314,50,30,1,0,0,0,0,0,0,0.0995667,0.0445279
200,1,50,0.8,0.001,10,0.1,1,1,2000,2000,172,314,50,30,1,0,21.2667,2.86095,0,0,0,11.7534,0.528513
200,1,50,0.8,0.001,5,0.1,1,0,2000,2000,172,314,50,30,2,0,0,0,0,0,0,0.108267,0.0481685
200,1,50,0.8,0.001,5,0.1,1,1,2000,2000,172,314,50,30,1.86667,0.345746,21.2667,2.86095,0,0,0,11.5382,0.239365
200,1,50,0.8,0.01,10,0.1,1,0,2000,2000,172,314,50,30,1,0,0.0666667,0.172873,0,0,0,0.104033,0.0444906
200,1,50,0.8,0.01,10,0.1,1,1,2000,2000,172,314,50,30,1,0,21.2667,2.86095,0,0,0,12.9056,0.420033
200,1,50,0.8,0.01,5,0.1,1,0,2000,2000,172,314,50,30,2,0,0.0666667,0.172873,0,0,0,0.105767,0.0448474
200,1,50,0.8,0.01,5,0.1,1,1,2000,2000,172,314,50,30,1.86667,0.345746,21.2667,2.86095,0,0,0,11.3985,0.643649
200,1,50,0.8,0.1,10,0.1,1,0,2000,2000,172,314,50,30,1,0,3.96667,1.53653,0,0,0,0.1062,0.0479061
200,1,50,0.8,0.1,10,0.1,1,1,2000,2000,172,314,50,30,1,0,21.2667,2.86095,0,0,0,12.7071,0.243247
200,1,50,0.8,0.1,5,0.1,1,0,2000,2000,172,314,50,30,2,0,3.96667,1.53653,0,0,0,0.1087,0.0451076
200,1,50,0.8,0.1,5,0.1,1,1,2000,2000,172,314,50,30,1.86667,0.345746,21.2667,2.86095,0,0,0,11.5507,0.324619
200,1,50,0.9,0.001,10,0.1,1,0,2000,2000,172,314,50,30,1,0,0,0,0,0,0,0.0999667,0.0487813
200,1,50,0.9,0.001,10,0.1,1,1,2000,2000,172,314,50,30,1,0,21.2667,2.86095,0,0,0,13.1297,0.611007
200,1,50,0.9,0.001,5,0.1,1,0,2000,2000,172,314,50,30,2,0,0,0,0,0,0,0.109367,0.0491574
200,1,50,0.9,0.001,5,0.1,1,1,2000,2000,172,314,50,30,1.86667,0.345746,21.2667,2.86095,0,0,0,11.1132,0.575689
200,1,50,0.9,0.01,10,0.1,1,0,2000,2000,172,314,50,30,1,0,0.333333,0.422091,0,0,0,0.0993333,0.0489436
200,1,50,0.9,0.01,10,0.1,1,1,2000,2000,172,314,50,30,1,0,21.2667,2.86095,0,0,0,12.471,0.327341
200,1,50,0.9,0.01,5,0.1,1,0,2000,2000,172,314,50,30,2,0,0.333333,0.422091,0,0,0,0.0987667,0.0465401
200,1,50,0.9,0.01,5,0.1,1,1,2000,2000,172,314,50,30,1.86667,0.345746,21.2667,2.86095,0,0,0,10.4522,0.525132
200,1,50,0.9,0.1,10,0.1,1,0,2000,2000,172,314,50,30,1,0,8.2,1.90553,0,0,0,0.0956,0.0412173
200,1,50,0.9,0.1,10,0.1,1,1,2000,2000,172,314,50,30,1,0,21.2667,2.86095,0,0,0,12.5457,0.463261
200,1,50,0.9,0.1,5,0.1,1,0,2000,2000,172,314,50,30,2,0,8.2,1.90553,0,0,0,0.1038,0.0415181
200,1,50,0.9,0.1,5,0.1,1,1,2000,2000,172,314,50,30,1.86667,0.345746,21.2667,2.86095,0,0,0,11.411,0.484984
200,3,100,0.8,0.001,10,0.1,1,2,2000,2000,172,314,50,30,1,0,0,0,0,0,0,0.0658333,0.0347276
200,3,100,0.8,0.001,10,0.1,1,3,2000,2000,172,314,50,30,1,0,0,0,0,0,0,19.8099,0.215121
200,3,100,0.8,0.001,5,0.1,1,2,2000,2000,172,314,50,30,2,0,0,0,0,0,0,0.0736,0.0394939
200,3,100,0.8,0.001,5,0.1,1,3,2000,2000,172,314,50,30,2,0,0,0,0,0,0,23.2616,4.31144
200,3,100,0.8,0.01,10,0.1,1,2,2000,2000,172,314,50,30,1,0,0.0666667,0.172873,0,0,0,0.0652333,0.0348986
200,3,100,0.8,0.01,10,0.1,1,3,2000,2000,172,314,50,30,1,0,0.0666667,0.172873,0,0,0,19.8262,0.227912
200,3,100,0.8,0.01,5,0.1,1,2,2000,2000,172,314,50,30,2,0,0.0666667,0.172873,0,0,0,0.0653667,0.0374612
200,3,100,0.8,0.01,5,0.1,1,3,2000,2000,172,314,50,30,2,0,0.0666667,0.172873,0,0,0,18.9031,0.589912
200,3,100,0.8,0.1,10,0.1,1,2,2000,2000,172,314,50,30,1,0,7.91667,1.80078,0,0,0,0.0630333,0.0312172
200,3,100,0.8,0.1,10,0.1,1,3,2000,2000,172,314,50,30,1,0,7.91667,1.80078,0,0,0,19.7958,0.231812
200,3,100,0.8,0.1,5,0.1,1,2,2000,2000,172,314,50,30,2,0,7.91667,1.80078,0,0,0,0.0615333,0.0313322
200,3,100,0.8,0.1,5,0.1,1,3,2000,2000,172,314,50,30,2,0,7.91667,1.80078,0,0,0,18.7492,0.270724
200,3,100,0.9,0.001,10,0.1,1,2,2000,2000,172,314,50,30,1,0,0,0,0,0,0,0.0648667,0.0309212
200,3,100,0.9,0.001,10,0.1,1,3,2000,2000,172,314,50,30,1,0,0,0,0,0,0,19.7975,0.269952
200,3,100,0.9,0.001,5,0.1,1,2,2000,2000,172,314,50,30,2,0,0,0,0,0,0,0.0624,0.0296504
200,3,100,0.9,0.001,5,0.1,1,3,2000,2000,172,314,50,30,2,0,0,0,0,0,0,18.7648,0.268532
200,3,100,0.9,0.01,10,0.1,1,2,2000,2000,172,314,50,30,1,0,0.8,0.518619,0,0,0,0.0637667,0.0273958
200,3,100,0.9,0.01,10,0.1,1,3,2000,2000,172,314,50,30,1,0,0.8,0.518619,0,0,0,19.7832,0.270155
200,3,100,0.9,0.01,5,0.1,1,2,2000,2000,172,314,50,30,2,0,0.8,0.518619,0,0,0,0.0608,0.0276735
200,3,100,0.9,0.01,5,0.1,1,3,2000,2000,172,314,50,30,2,0,0.8,0.518619,0,0,0,18.7838,0.252292
200,3,100,0.9,0.1,10,0.1,1,2,2000,2000,172,314,50,30,1,0,14.7167,1.66445,0,0,0,0.0677,0.0279459
200,3,100,0.9,0.1,10,0.1,1,3,2000,2000,172,314,50,30,1,0,14.7167,1.66445,0,0,0,19.8069,0.265373
200,3,100,0.9,0.1,5,0.1,1,2,2000,2000,172,314,50,30,2,0,14.7167,1.66445,0,0,0,0.0607333,0.0271914
200,3,100,0.9,0.1,5,0.1,1,3,2000,2000,172,314,50,30,2,0,14.7167,1.66445,0,0,0,18.763,0.299742
200,3,50,0.8,0.001,10,0.1,1,2,2000,2000,172,314,50,30,1,0,0,0,0,0,0,0.0800667,0.0374303
200,3,50,0.8,0.001,10,0.1,1,3,2000,2000,172,314,50,30,1,0,0,0,0,0,0,30.0236,0.547673
200,3,50,0.8,0.001,5,0.1,1,2,2000,2000,172,314,50,30,2,0,0,0,0,0,0,0.0794667,0.0410162
200,3,50,0.8,0.001,5,0.1,1,3,2000,2000,172,314,50,30,1.36667,0.490133,0,0,0,0,0,25.82,0.851348
200,3,50,0.8,0.01,10,0.1,1,2,2000,2000,172,314,50,30,1,0,0.0333333,0.126854,0,0,0,0.0814667,0.0366848
200,3,50,0.8,0.01,10,0.1,1,3,2000,2000,172,314,50,30,1,0,0.0333333,0.126854,0,0,0,29.664,0.778904
200,3,50,0.8,0.01,5,0.1,1,2,2000,2000,172,314,50,30,2,0,0.0333333,0.126854,0,0,0,0.0782667,0.0395317
200,3,50,0.8,0.01,5,0.1,1,3,2000,2000,172,314,50,30,1.36667,0.490133,0.0333333,0.126854,0,0,0,26.6487,1.00973
200,3,50,0.8,0.1,10,0.1,1,2,2000,2000,172,314,50,30,1,0,4.15,1.40902,0,0,0,0.0817667,0.0359403
200,3,50,0.8,0.1,10,0.1,1,3,2000,2000,172,314,50,30,1,0,4.15,1.40902,0,0,0,29.4237,0.756179
200,3,50,0.8,0.1,5,0.1,1,2,2000,2000,172,314,50,30,2,0,4.15,1.40902,0,0,0,0.0752333,0.0314814
200,3,50,0.8,0.1,5,0.1,1,3,2000,2000,172,314,50,30,1.36667,0.490133,4.15,1.40902,0,0,0,26.6573,0.954318
200,3,50,0.9,0.001,10,0.1,1,2,2000,2000,172,314,50,30,1,0,0,0,0,0,0,0.0745,0.0337207
200,3,50,0.9,0.001,10,0.1,1,3,2000,2000,172,314,50,30,1,0,0,0,0,0,0,29.2193,1.09927
200,3,50,0.9,0.001,5,0.1,1,2,2000,2000,172,314,50,30,2,0,0,0,0,0,0,0.0742333,0.0361889
200,3,50,0.9,0.001,5,0.1,1,3,2000,2000,172,314,50,30,1.3,0.466092,0,0,0,0,0,27.2964,0.904532
200,3,50,0.9,0.01,10,0.1,1,2,2000,2000,172,314,50,30,1,0,0.333333,0.401148,0,0,0,0.0757,0.0368091
200,3,50,0.9,0.01,10,0.1,1,3,2000,2000,172,314,50,30,1,0,0.333333,0.401148,0,0,0,29.8259,0.43732
200,3,50,0.9,0.01,5,0.1,1,2,2000,2000,172,314,50,30,2,0,0.333333,0.401148,0,0,0,0.0774667,0.0378534
200,3,50,0.9,0.01,5,0.1,1,3,2000,2000,172,314,50,30,1.3,0.466092,0.333333,0.401148,0,0,0,26.8262,0.957291
200,3,50,0.9,0.1,10,0.1,1,2,2000,2000,172,314,50,30,1,0,8.2,1.76459,0,0,0,0.0755667,0.0304344
200,3,50,0.9,0.1,10,0.1,1,3,2000,2000,172,314,50,30,1,0,8.2,1.76459,0,0,0,29.559,0.554711
200,3,50,0.9,0.1,5,0.1,1,2,2000,2000,172,314,50,30,2,0,8.2,1.76459,0,0,0,0.0768333,0.0309271
200,3,50,0.9,0.1,5,0.1,1,3,2000,2000,172,314,50,30,1.3,0.466092,8.2,1.76459,0,0,0,26.9552,1.15396
50,1,100,0.8,0.001,10,0.1,1,0,2000,2000,172,314,50,30,1,0,0,0,0,0,0,0.0049,0.00121343
50,1,100,0.8,0.001,10,0.1,1,1,2000,2000,172,314,50,30,1,0,20.1333,4.2648,0,0,0,0.141767,0.03758
50,1,100,0.8,0.001,5,0.1,1,0,2000,2000,172,314,50,30,1,0,0,0,0,0,0,0.00536667,0.0032746
50,1,100,0.8,0.001,5,0.1,1,1,2000,2000,172,314,50,30,1,0,20.1333,4.2648,0,0,0,0.140633,0.0374953
50,1,100,0.8,0.01,10,0.1,1,0,2000,2000,172,314,50,30,1,0,0,0,0,0,0,0.00503333,0.00124522
50,1,100,0.8,0.01,10,0.1,1,1,2000,2000,172,314,50,30,1,0,20.1333,4.2648,0,0,0,0.143433,0.0324597
50,1,100,0.8,0.01,5,0.1,1,0,2000,2000,172,314,50,30,1,0,0,0,0,0,0,0.00533333,0.00365148
50,1,100,0.8,0.01,5,0.1,1,1,2000,2000,172,314,50,30,1,0,20.1333,4.2648,0,0,0,0.1394,0.0384964
50,1,100,0.8,0.1,10,0.1,1,0,2000,2000,172,314,50,30,1,0,4.33333,2.97499,0,0,0,0.00473333,0.00114269
50,1,100,0.8,0.1,10,0.1,1,1,2000,2000,172,314,50,30,1,0,20.1333,4.2648,0,0,0,0.1432,0.0393459
50,1,100,0.8,0.1,5,0.1,1,0,2000,2000,172,314,50,30,1,0,4.33333,2.97499,0,0,0,0.005,0.00261297
50,1,100,0.8,0.1,5,0.1,1,1,2000,2000,172,314,50,30,1,0,20.1333,4.2648,0,0,0,0.138633,0.0300178
50,1,100,0.9,0.001,10,0.1,1,0,2000,2000,172,314,50,30,1,0,0,0,0,0,0,0.00503333,0.00121721
50,1,100,0.9,0.001,10,0.1,1,1,2000,2000,172,314,50,30,1,0,20.1333,4.2648,0,0,0,0.142267,0.0311348
50,1,100,0.9,0.001,5,0.1,1,0,2000,2000,172,314,50,30,1,0,0,0,0,0,0,0.00536667,0.00345895
50,1,100,0.9,0.001,5,0.1,1,1,2000,2000,172,314,50,30,1,0,20.1333,4.2648,0,0,0,0.138533,0.0394354
50,1,100,0.9,0.01,10,0.1,1,0,2000,2000,172,314,50,30,1,0,0.6,1.06997,0,0,0,0.00516667,0.00117688
50,1,100,0.9,0.01,10,0.1,1,1,2000,2000,172,314,50,30,1,0,20.1333,4.2648,0,0,0,0.141833,0.0338812
50,1,100,0.9,0.01,5,0.1,1,0,2000,2000,172,314,50,30,1,0,0.6,1.06997,0,0,0,0.0056,0.00273672
50,1,100,0.9,0.01,5,0.1,1,1,2000,2000,172,314,50,30,1,0,20.1333,4.2648,0,0,0,0.1358,0.0352786
50,1,100,0.9,0.1,10,0.1,1,0,2000,2000,172,314,50,30,1,0,8.06667,3.76859,0,0,0,0.00473333,0.00143679
50,1,100,0.9,0.1,10,0.1,1,1,2000,2000,172,314,50,30,1,0,20.1333,4.2648,0,0,0,0.138733,0.0343992
50,1,100,0.9,0.1,5,0.1,1,0,2000,2000,172,314,50,30,1,0,8.06667,3.76859,0,0,0,0.0058,0.00291725
50,1,100,0.9,0.1,5,0.1,1,1,2000,2000,172,314,50,30,1,0,20.1333,4.2648,0,0,0,0.137933,0.0356109
50,1,50,0.8,0.001,10,0.1,1,0,2000,2000,172,314,50,30,1,0,0,0,0,0,0,0.00583333,0.00108543
50,1,50,0.8,0.001,10,0.1,1,1,2000,2000,172,314,50,30,1,0,8,3.32182,0,0,0,0.150933,0.0304743
50,1,50,0.8,0.001,5,0.1,1,0,2000,2000,172,314,50,30,1,0,0,0,0,0,0,0.00606667,0.00281539
50,1,50,0.8,0.001,5,0.1,1,1,2000,2000,172,314,50,30,1,0,8,3.32182,0,0,0,0.1482,0.032934
50,1,50,0.8,0.01,10,0.1,1,0,2000,2000,172,314,50,30,1,0,0,0,0,0,0,0.0054,0.00116264
50,1,50,0.8,0.01,10,0.1,1,1,2000,2000,172,314,50,30,1,0,8,3.32182,0,0,0,0.149033,0.0354581
50,1,50,0.8,0.01,5,0.1,1,0,2000,2000,172,314,50,30,1,0,0,0,0,0,0,0.00603333,0.00330604
50,1,50,0.8,0.01,5,0.1,1,1,2000,2000,172,314,50,30,1,0,8,3.32182,0,0,0,0.151967,0.0413651
50,1,50,0.8,0.1,10,0.1,1,0,2000,2000,172,314,50,30,1,0,1.13333,1.54771,0,0,0,0.00566667,0.00142232
50,1,50,0.8,0.1,10,0.1,1,1,2000,2000,172,314,50,30,1,0,8,3.32182,0,0,0,0.143767,0.0349706
50,1,50,0.8,0.1,5,0.1,1,0,2000,2000,172,314,50,30,1,0,1.13333,1.54771,0,0,0,0.00586667,0.00110589
50,1,50,0.8,0.1,5,0.1,1,1,2000,2000,172,314,50,30,1,0,8,3.32182,0,0,0,0.157833,0.0363091
50,1,50,0.9,0.001,10,0.1,1,0,2000,2000,172,314,50,30,1,0,0,0,0,0,0,0.00443333,0.00133089
50,1,50,0.9,0.001,10,0.1,1,1,2000,2000,172,314,50,30,1,0,8,3.32182,0,0,0,0.1467,0.0344225
50,1,50,0.9,0.001,5,0.1,1,0,2000,2000,172,314,50,30,1,0,0,0,0,0,0,0.0062,0.00311171
50,1,50,0.9,0.001,5,0.1,1,1,2000,2000,172,314,50,30,1,0,8,3.32182,0,0,0,0.154433,0.0421113
50,1,50,0.9,0.01,10,0.1,1,0,2000,2000,172,314,50,30,1,0,0.133333,0.507416,0,0,0,0.00473333,0.00146059
50,1,50,0.9,0.01,10,0.1,1,1,2000,2000,172,314,50,30,1,0,8,3.32182,0,0,0,0.149133,0.0331535
50,1,50,0.9,0.01,5,0.1,1,0,2000,2000,172,314,50,30,1,0,0.133333,0.507416,0,0,0,0.006,0.00284059
50,1,50,0.9,0.01,5,0.1,1,1,2000,2000,172,314,50,30,1,0,8,3.32182,0,0,0,0.1529,0.0356161
50,1,50,0.9,0.1,10,0.1,1,0,2000,2000,172,314,50,30,1,0,3.06667,2.14851,0,0,0,0.00486667,0.00125212
50,1,50,0.9,0.1,10,0.1,1,1,2000,2000,172,314,50,30,1,0,8,3.32182,0,0,0,0.147967,0.0320716
50,1,50,0.9,0.1,5,0.1,1,0,2000,2000,172,314,50,30,1,0,3.06667,2.14851,0,0,0,0.00586667,0.00231537
50,1,50,0.9,0.1,5,0.1,1,1,2000,2000,172,314,50,30,1,0,8,3.32182,0,0,0,0.144633,0.0354133
50,3,100,0.8,0.001,10,0.1,1,2,2000,2000,172,314,50,30,1,0,0,0,0,0,0,0.00526667,0.00172073
50,3,100,0.8,0.001,10,0.1,1,3,2000,2000,172,314,50,30,1,0,0,0,0,0,0,0.4096,0.0694727
50,3,100,0.8,0.001,5,0.1,1,2,2000,2000,172,314,50,30,1,0,0,0,0,0,0,0.00596667,0.00283431
50,3,100,0.8,0.001,5,0.1,1,3,2000,2000,172,314,50,30,1,0,0,0,0,0,0,0.421867,0.0743917
50,3,100,0.8,0.01,10,0.1,1,2,2000,2000,172,314,50,30,1,0,0.0666667,0.365148,0,0,0,0.00523333,0.00156873
50,3,100,0.8,0.01,10,0.1,1,3,2000,2000,172,314,50,30,1,0,0.0666667,0.365148,0,0,0,0.4141,0.0651139
50,3,100,0.8,0.01,5,0.1,1,2,2000,2000,172,314,50,30,1,0,0.0666667,0.365148,0,0,0,0.00596667,0.00320004
50,3,100,0.8,0.01,5,0.1,1,3,2000,2000,172,314,50,30,1,0,0.0666667,0.365148,0,0,0,0.4222,0.0655009
50,3,100,0.8,0.1,10,0.1,1,2,2000,2000,172,314,50,30,1,0,4.53333,2.62262,0,0,0,0.00476667,0.00110433
50,3,100,0.8,0.1,10,0.1,1,3,2000,2000,172,314,50,30,1,0,4.53333,2.62262,0,0,0,0.4164,0.0680028
50,3,100,0.8,0.1,5,0.1,1,2,2000,2000,172,314,50,30,1,0,4.53333,2.62262,0,0,0,0.00543333,0.00323433
50,3,100,0.8,0.1,5,0.1,1,3,2000,2000,172,314,50,30,1,0,4.53333,2.62262,0,0,0,0.4246,0.0727583
50,3,100,0.9,0.001,10,0.1,1,2,2000,2000,172,314,50,30,1,0,0,0,0,0,0,0.0052,0.00151771
50,3,100,0.9,0.001,10,0.1,1,3,2000,2000,172,314,50,30,1,0,0,0,0,0,0,0.4223,0.0733843
50,3,100,0.9,0.001,5,0.1,1,2,2000,2000,172,314,50,30,1,0,0,0,0,0,0,0.00546667,0.0029447
50,3,100,0.9,0.001,5,0.1,1,3,2000,2000,172,314,50,30,1,0,0,0,0,0,0,0.443167,0.0970699
50,3,100,0.9,0.01,10,0.1,1,2,2000,2000,172,314,50,30,1,0,0.2,0.610257,0,0,0,0.00536667,0.00171169
50,3,100,0.9,0.01,10,0.1,1,3,2000,2000,172,314,50,30,1,0,0.2,0.610257,0,0,0,0.421167,0.0644885
50,3,100,0.9,0.01,5,0.1,1,2,2000,2000,172,314,50,30,1,0,0.2,0.610257,0,0,0,0.00556667,0.00318058
50,3,100,0.9,0.01,5,0.1,1,3,2000,2000,172,314,50,30,1,0,0.2,0.610257,0,0,0,0.4413,0.0965559
50,3,100,0.9,0.1,10,0.1,1,2,2000,2000,172,314,50,30,1,0,8.2,3.12278,0,0,0,0.00506667,0.00170057
50,3,100,0.9,0.1,10,0.1,1,3,2000,2000,172,314,50,30,1,0,8.2,3.12278,0,0,0,0.440067,0.0603158
50,3,100,0.9,0.1,5,0.1,1,2,2000,2000,172,314,50,30,1,0,8.2,3.12278,0,0,0,0.0055,0.00347156
50,3,100,0.9,0.1,5,0.1,1,3,2000,2000,172,314,50,30,1,0,8.2,3.12278,0,0,0,0.448867,0.100759
50,3,50,0.8,0.001,10,0.1,1,2,2000,2000,172,314,50,30,1,0,0,0,0,0,0,0.00526667,0.00155216
50,3,50,0.8,0.001,10,0.1,1,3,2000,2000,172,314,50,30,1,0,0,0,0,0,0,0.425533,0.0632367
50,3,50,0.8,0.001,5,0.1,1,2,2000,2000,172,314,50,30,1,0,0,0,0,0,0,0.00586667,0.00296803
50,3,50,0.8,0.001,5,0.1,1,3,2000,2000,172,314,50,30,1,0,0,0,0,0,0,0.433367,0.0721801
50,3,50,0.8,0.01,10,0.1,1,2,2000,2000,172,314,50,30,1,0,0,0,0,0,0,0.0051,0.00121343
50,3,50,0.8,0.01,10,0.1,1,3,2000,2000,172,314,50,30,1,0,0,0,0,0,0,0.425367,0.0673137
50,3,50,0.8,0.01,5,0.1,1,2,2000,2000,172,314,50,30,1,0,0,0,0,0,0,0.00533333,0.00277095
50,3,50,0.8,0.01,5,0.1,1,3,2000,2000,172,314,50,30,1,0,0,0,0,0,0,0.433533,0.0706686
50,3,50,0.8,0.1,10,0.1,1,2,2000,2000,172,314,50,30,1,0,0.933333,1.25762,0,0,0,0.0048,0.00109545
50,3,50,0.8,0.1,10,0.1,1,3,2000,2000,172,314,50,30,1,0,0.933333,1.25762,0,0,0,0.4298,0.0622217
50,3,50,0.8,0.1,5,0.1,1,2,2000,2000,172,314,50,30,1,0,0.933333,1.25762,0,0,0,0.00543333,0.0010063
50,3,50,0.8,0.1,5,0.1,1,3,2000,2000,172,314,50,30,1,0,0.933333,1.25762,0,0,0,0.416567,0.0750823
50,3,50,0.9,0.001,10,0.1,1,2,2000,2000,172,314,50,30,1,0,0,0,0,0,0,0.0055,0.00150287
50,3,50,0.9,0.001,10,0.1,1,3,2000,2000,172,314,50,30,1,0,0,0,0,0,0,0.431667,0.0673633
50,3,50,0.9,0.001,5,0.1,1,2,2000,2000,172,314,50,30,1,0,0,0,0,0,0,0.00496667,0.00277282
50,3,50,0.9,0.001,5,0.1,1,3,2000,2000,172,314,50,30,1,0,0,0,0,0,0,0.429467,0.0636801
50,3,50,0.9,0.01,10,0.1,1,2,2000,2000,172,314,50,30,1,0,0.266667,0.691492,0,0,0,0.0055,0.00116708
50,3,50,0.9,0.01,10,0.1,1,3,2000,2000,172,314,50,30,1,0,0.266667,0.691492,0,0,0,0.4261,0.06979
50,3,50,0.9,0.01,5,0.1,1,2,2000,2000,172,314,50,30,1,0,0.266667,0.691492,0,0,0,0.00563333,0.00298829
50,3,50,0.9,0.01,5,0.1,1,3,2000,2000,172,314,50,30,1,0,0.266667,0.691492,0,0,0,0.424267,0.0712339
50,3,50,0.9,0.1,10,0.1,1,2,2000,2000,172,314,50,30,1,0,3.53333,2.76347,0,0,0,0.00546667,0.00100801
50,3,50,0.9,0.1,10,0.1,1,3,2000,2000,172,314,50,30,1,0,3.53333,2.76347,0,0,0,0.431267,0.0598054
50,3,50,0.9,0.1,5,0.1,1,2,2000,2000,172,314,50,30,1,0,3.53333,2.76347,0,0,0,0.0049,0.0011552
50,3,50,0.9,0.1,5,0.1,1,3,2000,2000,172,314,50,30,1,0,3.53333,2.76347,0,0,0,0.432767,0.0705347
100,1,100,1.0,0.0,10,0.1,2,0,2000,2000,172,314,50,30,1,0,0,0,37.947,1.94083,0,0.0181,0.0104464
100,1,100,1.0,0.0,10,0.1,2,1,2000,2000,172,314,50,30,1,0,0,0,37.947,1.94083,0,0.927967,0.0507587
100,1,100,1.0,0.0,2.5,0.1,2,0,2000,2000,172,314,50,30,2.1,0.305129,0,0,37.947,1.94083,0,0.0182,0.0124524
100,1,100,1.0,0.0,2.5,0.1,2,1,2000,2000,172,314,50,30,2.63333,0.490133,0,0,36.7576,2.23516,0,0.428433,0.154677
100,1,100,1.0,0.0,5,0.1,2,0,2000,2000,172,314,50,30,1,0,0,0,37.947,1.94083,0,0.0185667,0.0123587
100,1,100,1.0,0.0,5,0.1,2,1,2000,2000,172,314,50,30,1,0,0,0,37.947,1.94083,0,0.884533,0.0491014
100,1,50,1.0,0.0,10,0.1,2,0,2000,2000,172,314,50,30,1,0,0,0,16.2145,2.31504,0,0.019,0.0122023
100,1,50,1.0,0.0,10,0.1,2,1,2000,2000,172,314,50,30,1,0,0,0,16.2145,2.31504,0,0.944733,0.0461414
100,1,50,1.0,0.0,2.5,0.1,2,0,2000,2000,172,314,50,30,2,0,0,0,16.2145,2.31504,0,0.0193333,0.00995623
100,1,50,1.0,0.0,2.5,0.1,2,1,2000,2000,172,314,50,30,2.36667,0.490133,0,0,15.9988,2.15269,0,0.463533,0.185092
100,1,50,1.0,0.0,5,0.1,2,0,2000,2000,172,314,50,30,1,0,0,0,16.2145,2.31504,0,0.0197,0.0113446
100,1,50,1.0,0.0,5,0.1,2,1,2000,2000,172,314,50,30,1,0,0,0,16.2145,2.31504,0,0.9026,0.0368628
100,1,75,1.0,0.0,10,0.1,2,0,2000,2000,172,314,50,30,1,0,0,0,27.8325,2.07098,0,0.0186,0.0117726
100,1,75,1.0,0.0,10,0.1,2,1,2000,2000,172,314,50,30,1,0,0,0,27.8325,2.07098,0,0.928,0.0528361
100,1,75,1.0,0.0,2.5,0.1,2,0,2000,2000,172,314,50,30,2,0,0,0,27.8325,2.07098,0,0.0175667,0.0106307
100,1,75,1.0,0.0,2.5,0.1,2,1,2000,2000,172,314,50,30,2.5,0.508548,0,0,27.2631,2.00607,0,0.443667,0.195989
100,1,75,1.0,0.0,5,0.1,2,0,2000,2000,172,314,50,30,1,0,0,0,27.8325,2.07098,0,0.019,0.0116412
100,1,75,1.0,0.0,5,0.1,2,1,2000,2000,172,314,50,30,1,0,0,0,27.8325,2.07098,0,0.893867,0.0282522
100,3,100,1.0,0.0,10,0.1,2,2,2000,2000,172,314,50,30,1,0,0,0,37.8738,2.56224,0,0.0191,0.0105155
100,3,100,1.0,0.0,10,0.1,2,3,2000,2000,172,314,50,30,1,0,0,0,37.8738,2.56224,0,2.7702,0.0612898
100,3,100,1.0,0.0,2.5,0.1,2,2,2000,2000,172,314,50,30,2.03333,0.182574,0,0,37.8738,2.56224,0,0.0188333,0.012493
100,3,100,1.0,0.0,2.5,0.1,2,3,2000,2000,172,314,50,30,2.46667,0.507416,0,0,37.0796,2.66661,0,1.3182,0.25619
100,3,100,1.0,0.0,5,0.1,2,2,2000,2000,172,314,50,30,1,0,0,0,37.8738,2.56224,0,0.0194333,0.0119933
100,3,100,1.0,0.0,5,0.1,2,3,2000,2000,172,314,50,30,1,0,0,0,37.8738,2.56224,0,2.6657,0.0597594
100,3,50,1.0,0.0,10,0.1,2,2,2000,2000,172,314,50,30,1,0,0,0,15.5444,2.05827,0,0.0191,0.0115441
100,3,50,1.0,0.0,10,0.1,2,3,2000,2000,172,314,50,30,1,0,0,0,15.5444,2.05827,0,2.8679,0.0877651
100,3,50,1.0,0.0,2.5,0.1,2,2,2000,2000,172,314,50,30,2,0,0,0,15.5444,2.05827,0,0.0194,0.0116666
100,3,50,1.0,0.0,2.5,0.1,2,3,2000,2000,172,314,50,30,2.2,0.406838,0,0,15.2081,1.99058,0,1.35557,0.271177
100,3,50,1.0,0.0,5,0.1,2,2,2000,2000,172,314,50,30,1,0,0,0,15.5444,2.05827,0,0.0190333,0.0105781
100,3,50,1.0,0.0,5,0.1,2,3,2000,2000,172,314,50,30,1,0,0,0,15.5444,2.05827,0,2.71943,0.0723605
100,3,75,1.0,0.0,10,0.1,2,2,2000,2000,172,314,50,30,1,0,0,0,27.7889,2.64768,0,0.0185,0.011959
100,3,75,1.0,0.0,10,0.1,2,3,2000,2000,172,314,50,30,1,0,0,0,27.7889,2.64768,0,2.8268,0.095484
100,3,75,1.0,0.0,2.5,0.1,2,2,2000,2000,172,314,50,30,2,0,0,0,27.7889,2.64768,0,0.0187,0.0102928
100,3,75,1.0,0.0,2.5,0.1,2,3,2000,2000,172,314,50,30,2.2,0.406838,0,0,27.1481,2.53959,0,1.40287,0.291681
100,3,75,1.0,0.0,5,0.1,2,2,2000,2000,172,314,50,30,1,0,0,0,27.7889,2.64768,0,0.02,0.0119193
100,3,75,1.0,0.0,5,0.1,2,3,2000,2000,172,314,50,30,1,0,0,0,27.7889,2.64768,0,2.71503,0.0965742
200,1,100,1.0,0.0,10,0.1,2,0,2000,2000,172,314,50,30,1,0,0,0,48.0395,1.31186,0,0.089,0.0423882
200,1,100,1.0,0.0,10,0.1,2,1,2000,2000,172,314,50,30,1,0,0,0,48.0395,1.31186,0,9.6006,0.297008
200,1,100,1.0,0.0,2.5,0.1,2,0,2000,2000,172,314,50,30,3.4,0.498273,0,0,48.0395,1.31186,0,0.0764333,0.0404387
200,1,100,1.0,0.0,2.5,0.1,2,1,2000,2000,172,314,50,30,3.86667,0.345746,0,0,47.5028,1.36451,0,4.0008,1.83645
200,1,100,1.0,0.0,5,0.1,2,0,2000,2000,172,314,50,30,2,0,0,0,48.0395,1.31186,0,0.0813667,0.0315775
200,1,100,1.0,0.0,5,0.1,2,1,2000,2000,172,314,50,30,2,0,0,0,48.0395,1.31186,0,9.00853,0.249907
200,1,50,1.0,0.0,10,0.1,2,0,2000,2000,172,314,50,30,1,0,0,0,23.5128,1.43504,0,0.0775667,0.0385734
200,1,50,1.0,0.0,10,0.1,2,1,2000,2000,172,314,50,30,1,0,0,0,23.5128,1.43504,0,8.0616,0.191878
200,1,50,1.0,0.0,2.5,0.1,2,0,2000,2000,172,314,50,30,3,0,0,0,23.5128,1.43504,0,0.0768667,0.0392215
200,1,50,1.0,0.0,2.5,0.1,2,1,2000,2000,172,314,50,30,3.5,0.508548,0,0,23.1945,1.47055,0,3.6434,1.47713
200,1,50,1.0,0.0,5,0.1,2,0,2000,2000,172,314,50,30,2,0,0,0,23.5128,1.43504,0,0.0757333,0.036418
200,1,50,1.0,0.0,5,0.1,2,1,2000,2000,172,314,50,30,1.73333,0.449776,0,0,23.5128,1.43504,0,7.5868,0.195199
200,1,75,1.0,0.0,10,0.1,2,0,2000,2000,172,314,50,30,1,0,0,0,37.5311,1.52467,0,0.0775333,0.0393102
200,1,75,1.0,0.0,10,0.1,2,1,2000,2000,172,314,50,30,1,0,0,0,37.5311,1.52467,0,8.1146,0.155079
200,1,75,1.0,0.0,2.5,0.1,2,0,2000,2000,172,314,50,30,3.06667,0.253708,0,0,37.5311,1.52467,0,0.0719333,0.0408732
200,1,75,1.0,0.0,2.5,0.1,2,1,2000,2000,172,314,50,30,3.76667,0.430183,0,0,36.9462,1.6132,0,4.03817,1.75289
200,1,75,1.0,0.0,5,0.1,2,0,2000,2000,172,314,50,30,2,0,0,0,37.5311,1.52467,0,0.0797667,0.0378169
200,1,75,1.0,0.0,5,0.1,2,1,2000,2000,172,314,50,30,2,0,0,0,37.5311,1.52467,0,7.53147,0.235053
200,3,100,1.0,0.0,10,0.1,2,2,2000,2000,172,314,50,30,1,0,0,0,48.2197,2.04415,0,0.1,0.0405293
200,3,100,1.0,0.0,10,0.1,2,3,2000,2000,172,314,50,30,1,0,0,0,48.2197,2.04415,0,38.2708,1.26805
200,3,100,1.0,0.0,2.5,0.1,2,2,2000,2000,172,314,50,30,3.4,0.498273,0,0,48.2197,2.04415,0,0.0994667,0.0400368
200,3,100,1.0,0.0,2.5,0.1,2,3,2000,2000,172,314,50,30,3.56667,0.504007,0,0,47.4354,1.86267,0,15.2235,4.72756
200,3,100,1.0,0.0,5,0.1,2,2,2000,2000,172,314,50,30,2,0,0,0,48.2197,2.04415,0,0.0973,0.0363196
200,3,100,1.0,0.0,5,0.1,2,3,2000,2000,172,314,50,30,2,0,0,0,48.2197,2.04415,0,36.8084,0.608826
200,3,50,1.0,0.0,10,0.1,2,2,2000,2000,172,314,50,30,1,0,0,0,23.5028,1.61912,0,0.1076,0.0474622
200,3,50,1.0,0.0,10,0.1,2,3,2000,2000,172,314,50,30,1,0,0,0,23.5028,1.61912,0,35.0833,1.89252
200,3,50,1.0,0.0,2.5,0.1,2,2,2000,2000,172,314,50,30,3,0,0,0,23.5028,1.61912,0,0.0846,0.0319035
200,3,50,1.0,0.0,2.5,0.1,2,3,2000,2000,172,314,50,30,3,0,0,0,23.2411,1.63826,0,11.4997,3.06941
200,3,50,1.0,0.0,5,0.1,2,2,2000,2000,172,314,50,30,2,0,0,0,23.5028,1.61912,0,0.087,0.032547
200,3,50,1.0,0.0,5,0.1,2,3,2000,2000,172,314,50,30,1.66667,0.479463,0,0,23.5028,1.61912,0,33.2986,2.49799
200,3,75,1.0,0.0,10,0.1,2,2,2000,2000,172,314,50,30,1,0,0,0,38.0044,1.58268,0,0.107067,0.0512175
200,3,75,1.0,0.0,10,0.1,2,3,2000,2000,172,314,50,30,1,0,0,0,38.0044,1.58268,0,37.767,1.63533
200,3,75,1.0,0.0,2.5,0.1,2,2,2000,2000,172,314,50,30,3.03333,0.182574,0,0,38.0044,1.58268,0,0.1028,0.0444463
200,3,75,1.0,0.0,2.5,0.1,2,3,2000,2000,172,314,50,30,3.13333,0.345746,0,0,37.2937,1.59131,0,13.6434,4.60441
200,3,75,1.0,0.0,5,0.1,2,2,2000,2000,172,314,50,30,2,0,0,0,38.0044,1.58268,0,0.1011,0.0400279
200,3,75,1.0,0.0,5,0.1,2,3,2000,2000,172,314,50,30,2,0,0,0,38.0044,1.58268,0,36.3507,0.564873
50,1,100,1.0,0.0,10,0.1,2,0,2000,2000,172,314,50,30,1,0,0,0,25.1177,3.59976,0,0.00513333,0.00237419
50,1,100,1.0,0.0,10,0.1,2,1,2000,2000,172,314,50,30,1,0,0,0,25.1177,3.59976,0,0.140533,0.0375763
50,1,100,1.0,0.0,2.5,0.1,2,0,2000,2000,172,314,50,30,1.96667,0.182574,0,0,25.1177,3.59976,0,0.00576667,0.00138174
50,1,100,1.0,0.0,2.5,0.1,2,1,2000,2000,172,314,50,30,2.03333,0.182574,0,0,24.6617,3.32521,0,0.0776667,0.0445253
50,1,100,1.0,0.0,5,0.1,2,0,2000,2000,172,314,50,30,1,0,0,0,25.1177,3.59976,0,0.005,0.00153128
50,1,100,1.0,0.0,5,0.1,2,1,2000,2000,172,314,50,30,1,0,0,0,25.1177,3.59976,0,0.1384,0.0345319
50,1,50,1.0,0.0,10,0.1,2,0,2000,2000,172,314,50,30,1,0,0,0,8.40244,2.7077,0,0.0052,0.00166919
50,1,50,1.0,0.0,10,0.1,2,1,2000,2000,172,314,50,30,1,0,0,0,8.40244,2.7077,0,0.167967,0.0405203
50,1,50,1.0,0.0,2.5,0.1,2,0,2000,2000,172,314,50,30,1.83333,0.379049,0,0,8.40244,2.7077,0,0.00496667,0.00118855
50,1,50,1.0,0.0,2.5,0.1,2,1,2000,2000,172,314,50,30,2.03333,0.182574,0,0,8.25793,2.61425,0,0.0865333,0.0480386
50,1,50,1.0,0.0,5,0.1,2,0,2000,2000,172,314,50,30,1,0,0,0,8.40244,2.7077,0,0.0051,0.00132222
50,1,50,1.0,0.0,5,0.1,2,1,2000,2000,172,314,50,30,1,0,0,0,8.40244,2.7077,0,0.153067,0.0392595
50,1,75,1.0,0.0,10,0.1,2,0,2000,2000,172,314,50,30,1,0,0,0,17.311,3.11197,0,0.00576667,0.00321294
50,1,75,1.0,0.0,10,0.1,2,1,2000,2000,172,314,50,30,1,0,0,0,17.311,3.11197,0,0.1484,0.0370038
50,1,75,1.0,0.0,2.5,0.1,2,0,2000,2000,172,314,50,30,1.86667,0.345746,0,0,17.311,3.11197,0,0.00513333,0.00314844
50,1,75,1.0,0.0,2.5,0.1,2,1,2000,2000,172,314,50,30,2.03333,0.182574,0,0,16.4826,3.1687,0,0.0885333,0.0486158
50,1,75,1.0,0.0,5,0.1,2,0,2000,2000,172,314,50,30,1,0,0,0,17.311,3.11197,0,0.0054,0.00152225
50,1,75,1.0,0.0,5,0.1,2,1,2000,2000,172,314,50,30,1,0,0,0,17.311,3.11197,0,0.1551,0.0337724
50,3,100,1.0,0.0,10,0.1,2,2,2000,2000,172,314,50,30,1,0,0,0,28.0089,3.75417,0,0.00463333,0.00265854
50,3,100,1.0,0.0,10,0.1,2,3,2000,2000,172,314,50,30,1,0,0,0,28.0089,3.75417,0,0.413967,0.0675117
50,3,100,1.0,0.0,2.5,0.1,2,2,2000,2000,172,314,50,30,1.96667,0.182574,0,0,28.0089,3.75417,0,0.00563333,0.00273525
50,3,100,1.0,0.0,2.5,0.1,2,3,2000,2000,172,314,50,30,1.96667,0.182574,0,0,27.448,3.68707,0,0.248167,0.0903289
50,3,100,1.0,0.0,5,0.1,2,2,2000,2000,172,314,50,30,1,0,0,0,28.0089,3.75417,0,0.0051,0.00160495
50,3,100,1.0,0.0,5,0.1,2,3,2000,2000,172,314,50,30,1,0,0,0,28.0089,3.75417,0,0.425033,0.0982711
50,3,50,1.0,0.0,10,0.1,2,2,2000,2000,172,314,50,30,1,0,0,0,8.82351,3.20368,0,0.00533333,0.00182574
50,3,50,1.0,0.0,10,0.1,2,3,2000,2000,172,314,50,30,1,0,0,0,8.82351,3.20368,0,0.420667,0.0669819
50,3,50,1.0,0.0,2.5,0.1,2,2,2000,2000,172,314,50,30,1.83333,0.379049,0,0,8.82351,3.20368,0,0.0053,0.00155696
50,3,50,1.0,0.0,2.5,0.1,2,3,2000,2000,172,314,50,30,1.9,0.305129,0,0,8.82089,3.30205,0,0.2662,0.0968466
50,3,50,1.0,0.0,5,0.1,2,2,2000,2000,172,314,50,30,1,0,0,0,8.82351,3.20368,0,0.00523333,0.00145468
50,3,50,1.0,0.0,5,0.1,2,3,2000,2000,172,314,50,30,1,0,0,0,8.82351,3.20368,0,0.4324,0.0934926
50,3,75,1.0,0.0,10,0.1,2,2,2000,2000,172,314,50,30,1,0,0,0,18.2226,3.33193,0,0.00536667,0.00261934
50,3,75,1.0,0.0,10,0.1,2,3,2000,2000,172,314,50,30,1,0,0,0,18.2226,3.33193,0,0.404633,0.0744472
50,3,75,1.0,0.0,2.5,0.1,2,2,2000,2000,172,314,50,30,1.9,0.305129,0,0,18.2226,3.33193,0,0.00596667,0.00263247
50,3,75,1.0,0.0,2.5,0.1,2,3,2000,2000,172,314,50,30,1.96667,0.182574,0,0,17.3822,3.56709,0,0.245967,0.0720596
50,3,75,1.0,0.0,5,0.1,2,2,2000,2000,172,314,50,30,1,0,0,0,18.2226,3.33193,0,0.00543333,0.0010063
50,3,75,1.0,0.0,5,0.1,2,3,2000,2000,172,314,50,30,1,0,0,0,18.2226,3.33193,0,0.443433,0.0944555
100,1,100,1.0,0.0,10,0.1,0,0,2000,2000,172,314,50,30,1,0,0,0,0,0,0,0.0188,0.0111769
100,1,100,1.0,0.0,10,0.1,0,1,2000,2000,172,314,50,30,1,0,0,0,0,0,0,0.943467,0.0505294
100,1,100,1.0,0.0,2.5,0.1,0,0,2000,2000,172,314,50,30,2.1,0.305129,0,0,0,0,0,0.0186,0.0123919
100,1,100,1.0,0.0,2.5,0.1,0,1,2000,2000,172,314,50,30,2.63333,0.490133,0,0,0,0,0,0.431533,0.163427
100,1,100,1.0,0.0,5,0.1,0,0,2000,2000,172,314,50,30,1,0,0,0,0,0,0,0.0181333,0.0105789
100,1,100,1.0,0.0,5,0.1,0,1,2000,2000,172,314,50,30,1,0,0,0,0,0,0,0.8936,0.0375367
100,1,50,1.0,0.0,10,0.1,0,0,2000,2000,172,314,50,30,1,0,0,0,0,0,0,0.0185,0.0102713
100,1,50,1.0,0.0,10,0.1,0,1,2000,2000,172,314,50,30,1,0,0,0,0,0,0,0.9552,0.0477337
100,1,50,1.0,0.0,2.5,0.1,0,0,2000,2000,172,314,50,30,2,0,0,0,0,0,0,0.0196,0.0103943
100,1,50,1.0,0.0,2.5,0.1,0,1,2000,2000,172,314,50,30,2.36667,0.490133,0,0,0,0,0,0.468533,0.184551
100,1,50,1.0,0.0,5,0.1,0,0,2000,2000,172,314,50,30,1,0,0,0,0,0,0,0.0232667,0.0112493
100,1,50,1.0,0.0,5,0.1,0,1,2000,2000,172,314,50,30,1,0,0,0,0,0,0,0.924267,0.0508445
100,1,75,1.0,0.0,10,0.1,0,0,2000,2000,172,314,50,30,1,0,0,0,0,0,0,0.0193667,0.010354
100,1,75,1.0,0.0,10,0.1,0,1,2000,2000,172,314,50,30,1,0,0,0,0,0,0,0.942933,0.0439341
100,1,75,1.0,0.0,2.5,0.1,0,0,2000,2000,172,314,50,30,2,0,0,0,0,0,0,0.0188667,0.0110352
100,1,75,1.0,0.0,2.5,0.1,0,1,2000,2000,172,314,50,30,2.5,0.508548,0,0,0,0,0,0.447567,0.196231
100,1,75,1.0,0.0,5,0.1,0,0,2000,2000,172,314,50,30,1,0,0,0,0,0,0,0.0185667,0.0100436
100,1,75,1.0,0.0,5,0.1,0,1,2000,2000,172,314,50,30,1,0,0,0,0,0,0,0.9032,0.0439038
100,3,100,1.0,0.0,10,0.1,0,2,2000,2000,172,314,50,30,1,0,0,0,0,0,0,0.0191,0.0102397
100,3,100,1.0,0.0,10,0.1,0,3,2000,2000,172,314,50,30,1,0,0,0,0,0,0,2.8268,0.0644079
100,3,100,1.0,0.0,2.5,0.1,0,2,2000,2000,172,314,50,30,2.03333,0.182574,0,0,0,0,0,0.0183333,0.0105776
100,3,100,1.0,0.0,2.5,0.1,0,3,2000,2000,172,314,50,30,2.46667,0.507416,0,0,0,0,0,1.32167,0.25672
100,3,100,1.0,0.0,5,0.1,0,2,2000,2000,172,314,50,30,1,0,0,0,0,0,0,0.0191667,0.0107353
100,3,100,1.0,0.0,5,0.1,0,3,2000,2000,172,314,50,30,1,0,0,0,0,0,0,2.6893,0.0708768
100,3,50,1.0,0.0,10,0.1,0,2,2000,2000,172,314,50,30,1,0,0,0,0,0,0,0.0197,0.0101715
100,3,50,1.0,0.0,10,0.1,0,3,2000,2000,172,314,50,30,1,0,0,0,0,0,0,2.87973,0.0701446
100,3,50,1.0,0.0,2.5,0.1,0,2,2000,2000,172,314,50,30,2,0,0,0,0,0,0,0.0188667,0.0102645
100,3,50,1.0,0.0,2.5,0.1,0,3,2000,2000,172,314,50,30,2.2,0.406838,0,0,0,0,0,1.3702,0.266499
100,3,50,1.0,0.0,5,0.1,0,2,2000,2000,172,314,50,30,1,0,0,0,0,0,0,0.0195,0.0103249
100,3,50,1.0,0.0,5,0.1,0,3,2000,2000,172,314,50,30,1,0,0,0,0,0,0,2.7324,0.0695773
100,3,75,1.0,0.0,10,0.1,0,2,2000,2000,172,314,50,30,1,0,0,0,0,0,0,0.0188333,0.0114081
100,3,75,1.0,0.0,10,0.1,0,3,2000,2000,172,314,50,30,1,0,0,0,0,0,0,2.83593,0.0761169
100,3,75,1.0,0.0,2.5,0.1,0,2,2000,2000,172,314,50,30,2,0,0,0,0,0,0,0.0181333,0.0111285
100,3,75,1.0,0.0,2.5,0.1,0,3,2000,2000,172,314,50,30,2.2,0.406838,0,0,0,0,0,1.39293,0.296508
100,3,75,1.0,0.0,5,0.1,0,2,2000,2000,172,314,50,30,1,0,0,0,0,0,0,0.0188667,0.0101836
100,3,75,1.0,0.0,5,0.1,0,3,2000,2000,172,314,50,30,1,0,0,0,0,0,0,2.7003,0.0763179
100,5,100,1.0,0.0,10,0.1,0,2,2000,2000,172,314,50,30,1,0,0,0,0,0,0,0.0196,0.0127187
100,5,100,1.0,0.0,10,0.1,0,3,2000,2000,172,314,50,30,1,0,0,0,0,0,0,4.6764,0.120526
100,5,100,1.0,0.0,2.5,0.1,0,2,2000,2000,172,314,50,30,2,0,0,0,0,0,0,0.0191,0.0117689
100,5,100,1.0,0.0,2.5,0.1,0,3,2000,2000,172,314,50,30,2.33333,0.479463,0,0,0,0,0,2.55543,0.476455
100,5,100,1.0,0.0,5,0.1,0,2,2000,2000,172,314,50,30,1,0,0,0,0,0,0,0.0201333,0.0108619
100,5,100,1.0,0.0,5,0.1,0,3,2000,2000,172,314,50,30,1,0,0,0,0,0,0,4.47913,0.09324
100,5,50,1.0,0.0,10,0.1,0,2,2000,2000,172,314,50,30,1,0,0,0,0,0,0,0.0194,0.0116133
100,5,50,1.0,0.0,10,0.1,0,3,2000,2000,172,314,50,30,1,0,0,0,0,0,0,4.8782,0.0962201
100,5,50,1.0,0.0,2.5,0.1,0,2,2000,2000,172,314,50,30,2,0,0,0,0,0,0,0.0187667,0.0115331
100,5,50,1.0,0.0,2.5,0.1,0,3,2000,2000,172,314,50,30,2,0,0,0,0,0,0,2.65143,0.462829
100,5,50,1.0,0.0,5,0.1,0,2,2000,2000,172,314,50,30,1,0,0,0,0,0,0,0.0199667,0.0123386
100,5,50,1.0,0.0,5,0.1,0,3,2000,2000,172,314,50,30,1,0,0,0,0,0,0,4.63133,0.0946833
100,5,75,1.0,0.0,10,0.1,0,2,2000,2000,172,314,50,30,1,0,0,0,0,0,0,0.02,0.0111665
100,5,75,1.0,0.0,10,0.1,0,3,2000,2000,172,314,50,30,1,0,0,0,0,0,0,4.77117,0.133133
100,5,75,1.0,0.0,2.5,0.1,0,2,2000,2000,172,314,50,30,2,0,0,0,0,0,0,0.0190667,0.0125751
100,5,75,1.0,0.0,2.5,0.1,0,3,2000,2000,172,314,50,30,2.1,0.305129,0,0,0,0,0,2.61437,0.510618
100,5,75,1.0,0.0,5,0.1,0,2,2000,2000,172,314,50,30,1,0,0,0,0,0,0,0.0198667,0.0103815
100,5,75,1.0,0.0,5,0.1,0,3,2000,2000,172,314,50,30,1,0,0,0,0,0,0,4.49237,0.125463
200,1,100,1.0,0.0,10,0.1,0,0,2000,2000,172,314,50,30,1,0,0,0,0,0,0,0.102267,0.0406727
200,1,100,1.0,0.0,10,0.1,0,1,2000,2000,172,314,50,30,1,0,0,0,0,0,0,12.2244,0.310213
200,1,100,1.0,0.0,2.5,0.1,0,0,2000,2000,172,314,50,30,3.4,0.498273,0,0,0,0,0,0.104267,0.0472666
200,1,100,1.0,0.0,2.5,0.1,0,1,2000,2000,172,314,50,30,3.86667,0.345746,0,0,0,0,0,5.0234,2.94529
200,1,100,1.0,0.0,5,0.1,0,0,2000,2000,172,314,50,30,2,0,0,0,0,0,0,0.103033,0.0347905
200,1,100,1.0,0.0,5,0.1,0,1,2000,2000,172,314,50,30,2,0,0,0,0,0,0,11.757,0.35703
200,1,50,1.0,0.0,10,0.1,0,0,2000,2000,172,314,50,30,1,0,0,0,0,0,0,0.0916,0.043519
200,1,50,1.0,0.0,10,0.1,0,1,2000,2000,172,314,50,30,1,0,0,0,0,0,0,9.51527,0.400283
200,1,50,1.0,0.0,2.5,0.1,0,0,2000,2000,172,314,50,30,3,0,0,0,0,0,0,0.0852,0.0370306
200,1,50,1.0,0.0,2.5,0.1,0,1,2000,2000,172,314,50,30,3.5,0.508548,0,0,0,0,0,3.9995,1.69965
200,1,50,1.0,0.0,5,0.1,0,0,2000,2000,172,314,50,30,2,0,0,0,0,0,0,0.0908,0.0378567
200,1,50,1.0,0.0,5,0.1,0,1,2000,2000,172,314,50,30,1.73333,0.449776,0,0,0,0,0,9.13373,0.252806
200,1,75,1.0,0.0,10,0.1,0,0,2000,2000,172,314,50,30,1,0,0,0,0,0,0,0.104433,0.0460896
200,1,75,1.0,0.0,10,0.1,0,1,2000,2000,172,314,50,30,1,0,0,0,0,0,0,12.3096,0.322261
200,1,75,1.0,0.0,2.5,0.1,0,0,2000,2000,172,314,50,30,3.06667,0.253708,0,0,0,0,0,0.0825,0.0351575
200,1,75,1.0,0.0,2.5,0.1,0,1,2000,2000,172,314,50,30,3.76667,0.430183,0,0,0,0,0,4.34583,1.96757
200,1,75,1.0,0.0,5,0.1,0,0,2000,2000,172,314,50,30,2,0,0,0,0,0,0,0.079,0.0368539
200,1,75,1.0,0.0,5,0.1,0,1,2000,2000,172,314,50,30,2,0,0,0,0,0,0,8.82333,0.654063
200,3,100,1.0,0.0,10,0.1,0,2,2000,2000,172,314,50,30,1,0,0,0,0,0,0,0.0756333,0.0313363
200,3,100,1.0,0.0,10,0.1,0,3,2000,2000,172,314,50,30,1,0,0,0,0,0,0,27.9294,0.942128
200,3,100,1.0,0.0,2.5,0.1,0,2,2000,2000,172,314,50,30,3.4,0.498273,0,0,0,0,0,0.0988,0.0391297
200,3,100,1.0,0.0,2.5,0.1,0,3,2000,2000,172,314,50,30,3.56667,0.504007,0,0,0,0,0,15.3696,4.68486
200,3,100,1.0,0.0,5,0.1,0,2,2000,2000,172,314,50,30,2,0,0,0,0,0,0,0.101,0.0348653
200,3,100,1.0,0.0,5,0.1,0,3,2000,2000,172,314,50,30,2,0,0,0,0,0,0,30.3729,4.09663
200,3,50,1.0,0.0,10,0.1,0,2,2000,2000,172,314,50,30,1,0,0,0,0,0,0,0.100467,0.0467412
200,3,50,1.0,0.0,10,0.1,0,3,2000,2000,172,314,50,30,1,0,0,0,0,0,0,38.3479,1.3106
200,3,50,1.0,0.0,2.5,0.1,0,2,2000,2000,172,314,50,30,3,0,0,0,0,0,0,0.100133,0.038636
200,3,50,1.0,0.0,2.5,0.1,0,3,2000,2000,172,314,50,30,3,0,0,0,0,0,0,12.972,3.90246
200,3,50,1.0,0.0,5,0.1,0,2,2000,2000,172,314,50,30,2,0,0,0,0,0,0,0.102367,0.0349043
200,3,50,1.0,0.0,5,0.1,0,3,2000,2000,172,314,50,30,1.66667,0.479463,0,0,0,0,0,34.0925,1.80976
200,3,75,1.0,0.0,10,0.1,0,2,2000,2000,172,314,50,30,1,0,0,0,0,0,0,0.102233,0.0446316
200,3,75,1.0,0.0,10,0.1,0,3,2000,2000,172,314,50,30,1,0,0,0,0,0,0,38.3879,0.63515
200,3,75,1.0,0.0,2.5,0.1,0,2,2000,2000,172,314,50,30,3.03333,0.182574,0,0,0,0,0,0.0977667,0.0474136
200,3,75,1.0,0.0,2.5,0.1,0,3,2000,2000,172,314,50,30,3.13333,0.345746,0,0,0,0,0,14.7294,4.67579
200,3,75,1.0,0.0,5,0.1,0,2,2000,2000,172,314,50,30,2,0,0,0,0,0,0,0.0966667,0.0417805
200,3,75,1.0,0.0,5,0.1,0,3,2000,2000,172,314,50,30,2,0,0,0,0,0,0,36.419,1.2455
200,5,100,1.0,0.0,10,0.1,0,2,2000,2000,172,314,50,30,1,0,0,0,0,0,0,0.0748,0.0280251
200,5,100,1.0,0.0,10,0.1,0,3,2000,2000,172,314,50,30,1,0,0,0,0,0,0,48.291,1.1617
200,5,100,1.0,0.0,2.5,0.1,0,2,2000,2000,172,314,50,30,3.36667,0.490133,0,0,0,0,0,0.0757667,0.0297422
200,5,100,1.0,0.0,2.5,0.1,0,3,2000,2000,172,314,50,30,3.2,0.406838,0,0,0,0,0,21.2843,4.33047
200,5,100,1.0,0.0,5,0.1,0,2,2000,2000,172,314,50,30,2,0,0,0,0,0,0,0.0758333,0.0294584
200,5,100,1.0,0.0,5,0.1,0,3,2000,2000,172,314,50,30,2,0,0,0,0,0,0,45.6762,0.703067
200,5,50,1.0,0.0,10,0.1,0,2,2000,2000,172,314,50,30,1,0,0,0,0,0,0,0.0720667,0.0266897
200,5,50,1.0,0.0,10,0.1,0,3,2000,2000,172,314,50,30,1,0,0,0,0,0,0,47.9395,1.156
200,5,50,1.0,0.0,2.5,0.1,0,2,2000,2000,172,314,50,30,3,0,0,0,0,0,0,0.0753,0.028927
200,5,50,1.0,0.0,2.5,0.1,0,3,2000,2000,172,314,50,30,3,0,0,0,0,0,0,20.6859,4.12716
200,5,50,1.0,0.0,5,0.1,0,2,2000,2000,172,314,50,30,2,0,0,0,0,0,0,0.0707667,0.0274059
200,5,50,1.0,0.0,5,0.1,0,3,2000,2000,172,314,50,30,1.66667,0.479463,0,0,0,0,0,44.4678,1.00891
200,5,75,1.0,0.0,10,0.1,0,2,2000,2000,172,314,50,30,1,0,0,0,0,0,0,0.0753333,0.0272388
200,5,75,1.0,0.0,10,0.1,0,3,2000,2000,172,314,50,30,1,0,0,0,0,0,0,47.7903,1.09398
200,5,75,1.0,0.0,2.5,0.1,0,2,2000,2000,172,314,50,30,3,0,0,0,0,0,0,0.0748,0.0262053
200,5,75,1.0,0.0,2.5,0.1,0,3,2000,2000,172,314,50,30,3.13333,0.345746,0,0,0,0,0,21.6073,4.39142
200,5,75,1.0,0.0,5,0.1,0,2,2000,2000,172,314,50,30,2,0,0,0,0,0,0,0.0707,0.0284025
200,5,75,1.0,0.0,5,0.1,0,3,2000,2000,172,314,50,30,2,0,0,0,0,0,0,45.7248,0.787069
50,1,100,1.0,0.0,10,0.1,0,0,2000,2000,172,314,50,30,1,0,0,0,0,0,0,0.00476667,0.00264814
50,1,100,1.0,0.0,10,0.1,0,1,2000,2000,172,314,50,30,1,0,0,0,0,0,0,0.145967,0.042066
50,1,100,1.0,0.0,2.5,0.1,0,0,2000,2000,172,314,50,30,1.96667,0.182574,0,0,0,0,0,0.00573333,0.00111211
50,1,100,1.0,0.0,2.5,0.1,0,1,2000,2000,172,314,50,30,2.03333,0.182574,0,0,0,0,0,0.0820333,0.0487538
50,1,100,1.0,0.0,5,0.1,0,0,2000,2000,172,314,50,30,1,0,0,0,0,0,0,0.0048,0.00158441
50,1,100,1.0,0.0,5,0.1,0,1,2000,2000,172,314,50,30,1,0,0,0,0,0,0,0.141433,0.0340979
50,1,50,1.0,0.0,10,0.1,0,0,2000,2000,172,314,50,30,1,0,0,0,0,0,0,0.0053,0.00174494
50,1,50,1.0,0.0,10,0.1,0,1,2000,2000,172,314,50,30,1,0,0,0,0,0,0,0.156067,0.0371817
50,1,50,1.0,0.0,2.5,0.1,0,0,2000,2000,172,314,50,30,1.83333,0.379049,0,0,0,0,0,0.0044,0.000855006
50,1,50,1.0,0.0,2.5,0.1,0,1,2000,2000,172,314,50,30,2.03333,0.182574,0,0,0,0,0,0.0783333,0.0407027
50,1,50,1.0,0.0,5,0.1,0,0,2000,2000,172,314,50,30,1,0,0,0,0,0,0,0.00436667,0.00103335
50,1,50,1.0,0.0,5,0.1,0,1,2000,2000,172,314,50,30,1,0,0,0,0,0,0,0.155,0.0388046
50,1,75,1.0,0.0,10,0.1,0,0,2000,2000,172,314,50,30,1,0,0,0,0,0,0,0.00566667,0.00278337
50,1,75,1.0,0.0,10,0.1,0,1,2000,2000,172,314,50,30,1,0,0,0,0,0,0,0.151133,0.0362565
50,1,75,1.0,0.0,2.5,0.1,0,0,2000,2000,172,314,50,30,1.86667,0.345746,0,0,0,0,0,0.00476667,0.00324498
50,1,75,1.0,0.0,2.5,0.1,0,1,2000,2000,172,314,50,30,2.03333,0.182574,0,0,0,0,0,0.0886667,0.0493756
50,1,75,1.0,0.0,5,0.1,0,0,2000,2000,172,314,50,30,1,0,0,0,0,0,0,0.00566667,0.00134762
50,1,75,1.0,0.0,5,0.1,0,1,2000,2000,172,314,50,30,1,0,0,0,0,0,0,0.158367,0.039444
50,3,100,1.0,0.0,10,0.1,0,2,2000,2000,172,314,50,30,1,0,0,0,0,0,0,0.00536667,0.00261934
50,3,100,1.0,0.0,10,0.1,0,3,2000,2000,172,314,50,30,1,0,0,0,0,0,0,0.416267,0.0676023
50,3,100,1.0,0.0,2.5,0.1,0,2,2000,2000,172,314,50,30,1.96667,0.182574,0,0,0,0,0,0.00526667,0.00275347
50,3,100,1.0,0.0,2.5,0.1,0,3,2000,2000,172,314,50,30,1.96667,0.182574,0,0,0,0,0,0.251433,0.0873979
50,3,100,1.0,0.0,5,0.1,0,2,2000,2000,172,314,50,30,1,0,0,0,0,0,0,0.00513333,0.00156983
50,3,100,1.0,0.0,5,0.1,0,3,2000,2000,172,314,50,30,1,0,0,0,0,0,0,0.419633,0.0999277
50,3,50,1.0,0.0,10,0.1,0,2,2000,2000,172,314,50,30,1,0,0,0,0,0,0,0.00556667,0.00185106
50,3,50,1.0,0.0,10,0.1,0,3,2000,2000,172,314,50,30,1,0,0,0,0,0,0,0.419933,0.0726641
50,3,50,1.0,0.0,2.5,0.1,0,2,2000,2000,172,314,50,30,1.83333,0.379049,0,0,0,0,0,0.00586667,0.00127937
50,3,50,1.0,0.0,2.5,0.1,0,3,2000,2000,172,314,50,30,1.9,0.305129,0,0,0,0,0,0.270967,0.0985808
50,3,50,1.0,0.0,5,0.1,0,2,2000,2000,172,314,50,30,1,0,0,0,0,0,0,0.0051,0.00118467
50,3,50,1.0,0.0,5,0.1,0,3,2000,2000,172,314,50,30,1,0,0,0,0,0,0,0.429967,0.0985024
50,3,75,1.0,0.0,10,0.1,0,2,2000,2000,172,314,50,30,1,0,0,0,0,0,0,0.00543333,0.00258221
50,3,75,1.0,0.0,10,0.1,0,3,2000,2000,172,314,50,30,1,0,0,0,0,0,0,0.4075,0.0693525
50,3,75,1.0,0.0,2.5,0.1,0,2,2000,2000,172,314,50,30,1.9,0.305129,0,0,0,0,0,0.00563333,0.00253912
50,3,75,1.0,0.0,2.5,0.1,0,3,2000,2000,172,314,50,30,1.96667,0.182574,0,0,0,0,0,0.250167,0.0712732
50,3,75,1.0,0.0,5,0.1,0,2,2000,2000,172,314,50,30,1,0,0,0,0,0,0,0.00543333,0.00152414
50,3,75,1.0,0.0,5,0.1,0,3,2000,2000,172,314,50,30,1,0,0,0,0,0,0,0.4394,0.0892585
50,5,100,1.0,0.0,10,0.1,0,2,2000,2000,172,314,50,30,1,0,0,0,0,0,0,0.0058,0.00129721
50,5,100,1.0,0.0,10,0.1,0,3,2000,2000,172,314,50,30,1,0,0,0,0,0,0,0.674867,0.109442
50,5,100,1.0,0.0,2.5,0.1,0,2,2000,2000,172,314,50,30,1.96667,0.182574,0,0,0,0,0,0.00546667,0.00107425
50,5,100,1.0,0.0,2.5,0.1,0,3,2000,2000,172,314,50,30,1.96667,0.182574,0,0,0,0,0,0.386133,0.0935318
50,5,100,1.0,0.0,5,0.1,0,2,2000,2000,172,314,50,30,1,0,0,0,0,0,0,0.00566667,0.00265659
50,5,100,1.0,0.0,5,0.1,0,3,2000,2000,172,314,50,30,1,0,0,0,0,0,0,0.672167,0.0978835
50,5,50,1.0,0.0,10,0.1,0,2,2000,2000,172,314,50,30,1,0,0,0,0,0,0,0.00526667,0.00152978
50,5,50,1.0,0.0,10,0.1,0,3,2000,2000,172,314,50,30,1,0,0,0,0,0,0,0.736933,0.169314
50,5,50,1.0,0.0,2.5,0.1,0,2,2000,2000,172,314,50,30,1.83333,0.379049,0,0,0,0,0,0.00546667,0.00110589
50,5,50,1.0,0.0,2.5,0.1,0,3,2000,2000,172,314,50,30,1.9,0.305129,0,0,0,0,0,0.393467,0.0945256
50,5,50,1.0,0.0,5,0.1,0,2,2000,2000,172,314,50,30,1,0,0,0,0,0,0,0.0049,0.00126899
50,5,50,1.0,0.0,5,0.1,0,3,2000,2000,172,314,50,30,1,0,0,0,0,0,0,0.700767,0.108407
50,5,75,1.0,0.0,10,0.1,0,2,2000,2000,172,314,50,30,1,0,0,0,0,0,0,0.0053,0.0011188
50,5,75,1.0,0.0,10,0.1,0,3,2000,2000,172,314,50,30,1,0,0,0,0,0,0,0.701433,0.179141
50,5,75,1.0,0.0,2.5,0.1,0,2,2000,2000,172,314,50,30,1.9,0.305129,0,0,0,0,0,0.0054,0.00132873
50,5,75,1.0,0.0,2.5,0.1,0,3,2000,2000,172,314,50,30,1.93333,0.253708,0,0,0,0,0,0.3994,0.0989972
50,5,75,1.0,0.0,5,0.1,0,2,2000,2000,172,314,50,30,1,0,0,0,0,0,0,0.00553333,0.00254251
50,5,75,1.0,0.0,5,0.1,0,3,2000,2000,172,314,50,30,1,0,0,0,0,0,0,0.7311,0.159834
